CSV Version (required),1,,,,,,
Barcode,Sample Name (required),Sample ID,Sample Description,DNA/RNA/Fusions,Reference library,Target regions BED file,Hotspot regions BED file
IonXpress_001,Example Sample 3,Example ID 3,Example Description 3,RNA,,,
IonXpress_002,Example Sample 4,Example ID 4,,RNA,hg19,,
IonXpress_003,Example Sample 4,Example ID 4,,RNA,hg19,,
IonXpress_004,,,,RNA,,,
IonXpress_005,,,,RNA,,,
IonXpress_006,,,,RNA,,,
IonXpress_007,,,,RNA,,,
IonXpress_008,,,,RNA,,,
IonXpress_009,,,,RNA,,,
IonXpress_010,,,,RNA,,,
IonXpress_011,,,,RNA,,,
IonXpress_012,,,,RNA,,,
IonXpress_013,,,,RNA,,,
IonXpress_014,,,,RNA,,,
IonXpress_015,,,,RNA,,,
IonXpress_016,,,,RNA,,,
IonXpress_017,,,,RNA,,,
IonXpress_018,,,,RNA,,,
IonXpress_019,,,,RNA,,,
IonXpress_020,,,,RNA,,,
IonXpress_021,,,,RNA,,,
IonXpress_022,,,,RNA,,,
IonXpress_023,,,,RNA,,,
IonXpress_024,,,,RNA,,,
IonXpress_025,,,,RNA,,,
IonXpress_026,,,,RNA,,,
IonXpress_027,,,,RNA,,,
IonXpress_028,,,,RNA,,,
IonXpress_029,,,,RNA,,,
IonXpress_030,,,,RNA,,,
IonXpress_031,,,,RNA,,,
IonXpress_032,,,,RNA,,,
IonXpress_033,,,,RNA,,,
IonXpress_034,,,,RNA,,,
IonXpress_035,,,,RNA,,,
IonXpress_036,,,,RNA,,,
IonXpress_037,,,,RNA,,,
IonXpress_038,,,,RNA,,,
IonXpress_039,,,,RNA,,,
IonXpress_040,,,,RNA,,,
IonXpress_041,,,,RNA,,,
IonXpress_042,,,,RNA,,,
IonXpress_043,,,,RNA,,,
IonXpress_044,,,,RNA,,,
IonXpress_045,,,,RNA,,,
IonXpress_046,,,,RNA,,,
IonXpress_047,,,,RNA,,,
IonXpress_048,,,,RNA,,,
IonXpress_049,,,,RNA,,,
IonXpress_050,,,,RNA,,,
IonXpress_051,,,,RNA,,,
IonXpress_052,,,,RNA,,,
IonXpress_053,,,,RNA,,,
IonXpress_054,,,,RNA,,,
IonXpress_055,,,,RNA,,,
IonXpress_056,,,,RNA,,,
IonXpress_057,,,,RNA,,,
IonXpress_058,,,,RNA,,,
IonXpress_059,,,,RNA,,,
IonXpress_060,,,,RNA,,,
IonXpress_061,,,,RNA,,,
IonXpress_062,,,,RNA,,,
IonXpress_063,,,,RNA,,,
IonXpress_064,,,,RNA,,,
IonXpress_065,,,,RNA,,,
IonXpress_066,,,,RNA,,,
IonXpress_067,,,,RNA,,,
IonXpress_068,,,,RNA,,,
IonXpress_069,,,,RNA,,,
IonXpress_070,,,,RNA,,,
IonXpress_071,,,,RNA,,,
IonXpress_072,,,,RNA,,,
IonXpress_073,,,,RNA,,,
IonXpress_074,,,,RNA,,,
IonXpress_075,,,,RNA,,,
IonXpress_076,,,,RNA,,,
IonXpress_077,,,,RNA,,,
IonXpress_078,,,,RNA,,,
IonXpress_079,,,,RNA,,,
IonXpress_080,,,,RNA,,,
IonXpress_081,,,,RNA,,,
IonXpress_082,,,,RNA,,,
IonXpress_083,,,,RNA,,,
IonXpress_084,,,,RNA,,,
IonXpress_085,,,,RNA,,,
IonXpress_086,,,,RNA,,,
IonXpress_087,,,,RNA,,,
IonXpress_088,,,,RNA,,,
IonXpress_089,,,,RNA,,,
IonXpress_090,,,,RNA,,,
IonXpress_091,,,,RNA,,,
IonXpress_092,,,,RNA,,,
IonXpress_093,,,,RNA,,,
IonXpress_094,,,,RNA,,,
IonXpress_095,,,,RNA,,,
IonXpress_096,,,,RNA,,,
